AMP;Ankh-Morpork;;;;x;;;;;;;
AMP_fascist;Ankh-Morpork;;;;x;;;;;;;
AMP_communist;Ankh-Morpork;;;;x;;;;;;;
AMP_anarcho_liberal;Ankh-Morpork;;;;x;;;;;;;
AMP_reactionary;Ankh-Morpork;;;;x;;;;;;;
AMP_socialist;Ankh-Morpork;;;;x;;;;;;;
AMP_liberal_2;Ankh-Morpork;;;;x;;;;;;;
AMP_liberal;Ankh-Morpork;;;;x;;;;;;;
AMP_conservative;Ankh-Morpork;;;;x;;;;;;
AMP_vetinarism;Vetinarism;;;;x;;;;;;
AGA;Agatean Empire;;;;x;;;;;;;
AGA_fascist;Agatea;;;;x;;;;;;;
AGA_fascist_dictatorship;Agatean Empire;;;;x;;;;;;
AGA_proletarian_dictatorship;People's Beneficent Republic of Agatea;;;;x;;;;;;
AGA_communist;Agatean Red Army;;;;x;;;;;;;
AGA_anarcho_liberal;Agatea;;;;x;;;;;;;
AGA_reactionary;Agatea;;;;x;;;;;;;
AGA_reactionary_2;Agatea;;;;x;;;;;;;
AGA_socialist;Agatea;;;;x;;;;;;;
AGA_liberal_2;Agatea;;;;x;;;;;;;
AGA_liberal;Agatea;;;;x;;;;;;;
AGA_liberal_3;Agatea;;;;x;;;;;;;
AGA_conservative;Hung Visier;;;;x;;;;;;
AGA_conservative_2;Tang Visier;;;;x;;;;;;
AGA_conservative_3;Fang Visier;;;;x;;;;;;
AGA_conservative_4;Agatea;;;;x;;;;;;
STL;Sto Lat;;;;x;;;;;;;
STL_fascist;Sto Lat;;;;x;;;;;;;
STL_communist;Sto Lat;;;;x;;;;;;;
STL_anarcho_liberal;Sto Lat;;;;x;;;;;;;
STL_reactionary;Sto Lat;;;;x;;;;;;;
STL_socialist;Sto Lat;;;;x;;;;;;;
STL_liberal_2;Sto Lat;;;;x;;;;;;;
STL_liberal;Sto Lat;;;;x;;;;;;;
STL_conservative;Sto Lat;;;;x;;;;;;;
STH;Sto Helit;;;;x;;;;;;;
STH_fascist;Sto Helit;;;;x;;;;;;;
STH_communist;Sto Helit;;;;x;;;;;;;
STH_anarcho_liberal;Sto Helit;;;;x;;;;;;;
STH_reactionary;Sto Helit;;;;x;;;;;;;
STH_socialist;Sto Helit;;;;x;;;;;;;
STH_liberal_2;Sto Helit;;;;x;;;;;;;
STH_liberal;Sto Helit;;;;x;;;;;;;
STH_conservative;Sto Helit;;;;x;;;;;;;
STK;Sto Kerrig;;;;x;;;;;;;
STK_fascist;Sto Kerrig;;;;x;;;;;;;
STK_communist;Sto Kerrig;;;;x;;;;;;;
STK_anarcho_liberal;Sto Kerrig;;;;x;;;;;;;
STK_reactionary;Sto Kerrig;;;;x;;;;;;;
STK_socialist;Sto Kerrig;;;;x;;;;;;;
STK_liberal_2;Sto Kerrig;;;;x;;;;;;;
STK_liberal;Sto Kerrig;;;;x;;;;;;;
STK_conservative;Sto Kerrig;;;;x;;;;;;;
STM;Sto Mino;;;;x;;;;;;;
STM_fascist;Sto Mino;;;;x;;;;;;;
STM_communist;Sto Mino;;;;x;;;;;;;
STM_anarcho_liberal;Sto Mino;;;;x;;;;;;;
STM_reactionary;Sto Mino;;;;x;;;;;;;
STM_socialist;Sto Mino;;;;x;;;;;;;
STM_liberal_2;Sto Mino;;;;x;;;;;;;
STM_liberal;Sto Mino;;;;x;;;;;;;
STM_conservative;Sto Mino;;;;x;;;;;;;
QRM;Quirm;;;;x;;;;;;;
QRM_fascist;Quirm;;;;x;;;;;;;
QRM_communist;Quirm;;;;x;;;;;;;
QRM_anarcho_liberal;Quirm;;;;x;;;;;;;
QRM_reactionary;Quirm;;;;x;;;;;;;
QRM_socialist;Quirm;;;;x;;;;;;;
QRM_liberal_2;Quirm;;;;x;;;;;;;
QRM_liberal;Quirm;;;;x;;;;;;;
QRM_conservative;Quirm;;;;x;;;;;;
PSE;Pseudopolis;;;;x;;;;;;;
PSE_fascist;Pseudopolis;;;;x;;;;;;;
PSE_communist;Pseudopolis;;;;x;;;;;;;
PSE_anarcho_liberal;Pseudopolis;;;;x;;;;;;;
PSE_reactionary;Pseudopolis;;;;x;;;;;;;
PSE_socialist;Pseudopolis;;;;x;;;;;;;
PSE_liberal_2;Pseudopolis;;;;x;;;;;;;
PSE_liberal;Pseudopolis;;;;x;;;;;;;
PSE_conservative;Pseudopolis;;;;x;;;;;;
IST;Istanzia;;;;x;;;;;;;
IST_fascist;Istanzia;;;;x;;;;;;;
IST_communist;Istanzia;;;;x;;;;;;;
IST_anarcho_liberal;Istanzia;;;;x;;;;;;;
IST_reactionary;Istanzia;;;;x;;;;;;;
IST_socialist;Istanzia;;;;x;;;;;;;
IST_liberal_2;Istanzia;;;;x;;;;;;;
IST_liberal;Istanzia;;;;x;;;;;;;
IST_conservative;Istanzia;;;;x;;;;;;;
OMN;Omnia;;;;x;;;;;;;
OMN_democracy;Omnian Holy Republic;;;;x;;;;;;;
OMN_fascist;Quisition;;;;x;;;;;;;
OMN_communist;Omnia;;;;x;;;;;;;
OMN_anarcho_liberal;Radical Bruthaian;;;;x;;;;;;;
OMN_reactionary;New Clergy;;;;x;;;;;;;
OMN_socialist;Omnian Socialists;;;;x;;;;;;;
OMN_liberal_2;Bruthaian;;;;x;;;;;;;
OMN_liberal;Prophet Brutha;;;;x;;;;;;;
OMN_conservative;Orthodox Clergy;;;;x;;;;;;
EPH;Ephebe;;;;x;;;;;;;
EPH_fascist;Ephebe;;;;x;;;;;;;
EPH_communist;Ephebe;;;;x;;;;;;;
EPH_anarcho_liberal;Ephebe;;;;x;;;;;;;
EPH_reactionary;Ephebe;;;;x;;;;;;;
EPH_socialist;Ephebe;;;;x;;;;;;;
EPH_liberal_2;Ephebe;;;;x;;;;;;;
EPH_liberal;Ephebe;;;;x;;;;;;;
EPH_conservative;Ephebe;;;;x;;;;;;
DJE;Djelibeybi;;;;x;;;;;;;
DJE_hms_government;New Djelibeybi;;;;x;;;;;;;
DJE_fascist;Djelibeybi;;;;x;;;;;;;
DJE_communist;Djelibeybi;;;;x;;;;;;;
DJE_anarcho_liberal;Djelibeybi;;;;x;;;;;;;
DJE_reactionary;Djelibeybi;;;;x;;;;;;;
DJE_socialist;Djelibeybi;;;;x;;;;;;;
DJE_liberal_2;Djelibeybi;;;;x;;;;;;;
DJE_liberal;Djelibeybi;;;;x;;;;;;;
DJE_conservative;Djelibeybi;;;;x;;;;;;
SML;Smale;;;;x;;;;;;;
SML_fascist;Smale;;;;x;;;;;;;
SML_communist;Smale;;;;x;;;;;;;
SML_anarcho_liberal;Smale;;;;x;;;;;;;
SML_reactionary;Smale;;;;x;;;;;;;
SML_socialist;Smale;;;;x;;;;;;;
SML_liberal_2;Smale;;;;x;;;;;;;
SML_liberal;Smale;;;;x;;;;;;;
SML_conservative;Smale;;;;x;;;;;;;
USH;Ushistan;;;;x;;;;;;;
USH_fascist;Ushistan;;;;x;;;;;;;
USH_communist;Ushistan;;;;x;;;;;;;
USH_anarcho_liberal;Ushistan;;;;x;;;;;;;
USH_reactionary;Ushistan;;;;x;;;;;;;
USH_socialist;Ushistan;;;;x;;;;;;;
USH_liberal_2;Ushistan;;;;x;;;;;;;
USH_liberal;Ushistan;;;;x;;;;;;;
USH_conservative;Ushistan;;;;x;;;;;;;
BET;Betrek;;;;x;;;;;;;
BET_fascist;Betrek;;;;x;;;;;;;
BET_communist;Betrek;;;;x;;;;;;;
BET_anarcho_liberal;Betrek;;;;x;;;;;;;
BET_reactionary;Betrek;;;;x;;;;;;;
BET_socialist;Betrek;;;;x;;;;;;;
BET_liberal_2;Betrek;;;;x;;;;;;;
BET_liberal;Betrek;;;;x;;;;;;;
BET_conservative;Betrek;;;;x;;;;;;
TSO;Tsort;;;;x;;;;;;;
TSO_fascist;Tsort;;;;x;;;;;;;
TSO_communist;Tsort;;;;x;;;;;;;
TSO_anarcho_liberal;Tsort;;;;x;;;;;;;
TSO_reactionary;Tsort;;;;x;;;;;;;
TSO_socialist;Tsort;;;;x;;;;;;;
TSO_liberal_2;Tsort;;;;x;;;;;;;
TSO_liberal;Tsort;;;;x;;;;;;;
TSO_conservative;Tsort;;;;x;;;;;;;
KLA;Klatch;;;;x;;;;;;;
KLA_fascist;Klatch;;;;x;;;;;;;
KLA_communist;Klatch;;;;x;;;;;;;
KLA_anarcho_liberal;Klatch;;;;x;;;;;;;
KLA_reactionary;Klatch;;;;x;;;;;;;
KLA_socialist;Klatch;;;;x;;;;;;;
KLA_liberal_2;Klatch;;;;x;;;;;;;
KLA_liberal;Klatch;;;;x;;;;;;;
KLA_conservative;Klatch;;;;x;;;;;;;
YMI;Ymitury;;;;x;;;;;;;
YMI_fascist;Ymitury;;;;x;;;;;;;
YMI_communist;Ymitury;;;;x;;;;;;;
YMI_anarcho_liberal;Ymitury;;;;x;;;;;;;
YMI_reactionary;Ymitury;;;;x;;;;;;;
YMI_socialist;Ymitury;;;;x;;;;;;;
YMI_liberal_2;Ymitury;;;;x;;;;;;;
YMI_liberal;Ymitury;;;;x;;;;;;;
YMI_conservative;Ymitury;;;;x;;;;;;;
HER;Hersheba;;;;x;;;;;;;
HER_fascist;Hersheba;;;;x;;;;;;;
HER_communist;Hersheba;;;;x;;;;;;;
HER_anarcho_liberal;Hersheba;;;;x;;;;;;;
HER_reactionary;Hersheba;;;;x;;;;;;;
HER_socialist;Hersheba;;;;x;;;;;;;
HER_liberal_2;Hersheba;;;;x;;;;;;;
HER_liberal;Hersheba;;;;x;;;;;;;
HER_conservative;Hersheba;;;;x;;;;;;;
ZAB;Zabingo;;;;x;;;;;;;
ZAB_fascist;Zabingo;;;;x;;;;;;;
ZAB_communist;Zabingo;;;;x;;;;;;;
ZAB_anarcho_liberal;Zabingo;;;;x;;;;;;;
ZAB_reactionary;Zabingo;;;;x;;;;;;;
ZAB_socialist;Zabingo;;;;x;;;;;;;
ZAB_liberal_2;Zabingo;;;;x;;;;;;;
ZAB_liberal;Zabingo;;;;x;;;;;;;
ZAB_conservative;Zabingo;;;;x;;;;;;;
HOW;Howondaland;;;;x;;;;;;;
HOW_fascist;Howondaland;;;;x;;;;;;;
HOW_communist;Howondaland;;;;x;;;;;;;
HOW_anarcho_liberal;Howondaland;;;;x;;;;;;;
HOW_reactionary;Howondaland;;;;x;;;;;;;
HOW_socialist;Howondaland;;;;x;;;;;;;
HOW_liberal_2;Howondaland;;;;x;;;;;;;
HOW_liberal;Howondaland;;;;x;;;;;;;
HOW_conservative;Howondaland;;;;x;;;;;;;
KRL;Krull;;;;x;;;;;;;
KRL_fascist;Krull;;;;x;;;;;;;
KRL_communist;Krull;;;;x;;;;;;;
KRL_anarcho_liberal;Krull;;;;x;;;;;;;
KRL_reactionary;Krull;;;;x;;;;;;;
KRL_socialist;Krull;;;;x;;;;;;;
KRL_liberal_2;Krull;;;;x;;;;;;;
KRL_liberal;Krull;;;;x;;;;;;;
KRL_conservative;Krull;;;;x;;;;;;;
ELH;Elharib;;;;x;;;;;;;
ELH_fascist;Elharib;;;;x;;;;;;;
ELH_communist;Elharib;;;;x;;;;;;;
ELH_anarcho_liberal;Elharib;;;;x;;;;;;;
ELH_reactionary;Elharib;;;;x;;;;;;;
ELH_socialist;Elharib;;;;x;;;;;;;
ELH_liberal_2;Elharib;;;;x;;;;;;;
ELH_liberal;Elharib;;;;x;;;;;;;
ELH_conservative;Elharib;;;;x;;;;;;;
LAO;Laotan;;;;x;;;;;;;
LAO_fascist;Laotan;;;;x;;;;;;;
LAO_communist;Laotan;;;;x;;;;;;;
LAO_anarcho_liberal;Laotan;;;;x;;;;;;;
LAO_reactionary;Laotan;;;;x;;;;;;;
LAO_socialist;Laotan;;;;x;;;;;;;
LAO_liberal_2;Laotan;;;;x;;;;;;;
LAO_liberal;Laotan;;;;x;;;;;;;
LAO_conservative;Laotan;;;;x;;;;;;
MOU;Mouldavia;;;;x;;;;;;;
MOU_fascist;Mouldavia;;;;x;;;;;;;
MOU_communist;Mouldavia;;;;x;;;;;;;
MOU_anarcho_liberal;Mouldavia;;;;x;;;;;;;
MOU_reactionary;Mouldavia;;;;x;;;;;;;
MOU_socialist;Mouldavia;;;;x;;;;;;;
MOU_liberal_2;Mouldavia;;;;x;;;;;;;
MOU_liberal;Mouldavia;;;;x;;;;;;;
MOU_conservative;Mouldavia;;;;x;;;;;;
BOR;Borogravia;;;;x;;;;;;;
BOR_fascist;Borogravia;;;;x;;;;;;;
BOR_communist;Borogravia;;;;x;;;;;;;
BOR_anarcho_liberal;Borogravia;;;;x;;;;;;;
BOR_reactionary;Borogravia;;;;x;;;;;;;
BOR_socialist;Borogravia;;;;x;;;;;;;
BOR_liberal_2;Borogravia;;;;x;;;;;;;
BOR_liberal;Borogravia;;;;x;;;;;;;
BOR_conservative;Borogravia;;;;x;;;;;;;
ZLO;Zlobenia;;;;x;;;;;;;
ZLO_fascist;Zlobenia;;;;x;;;;;;;
ZLO_communist;Zlobenia;;;;x;;;;;;;
ZLO_anarcho_liberal;Zlobenia;;;;x;;;;;;;
ZLO_reactionary;Zlobenia;;;;x;;;;;;;
ZLO_socialist;Zlobenia;;;;x;;;;;;;
ZLO_liberal_2;Zlobenia;;;;x;;;;;;;
ZLO_liberal;Zlobenia;;;;x;;;;;;;
ZLO_conservative;Zlobenia;;;;x;;;;;;;
UBW;Überwald;;;;x;;;;;;;
UBW_fascist;Überwald;;;;x;;;;;;;
UBW_communist;Überwald Sorcerous Republic;;;;x;;;;;;;
UBW_anarcho_liberal;Überwald;;;;x;;;;;;;
UBW_reactionary;Überwald;;;;x;;;;;;;
UBW_socialist;Überwald;;;;x;;;;;;;
UBW_liberal_2;Überwald;;;;x;;;;;;;
UBW_liberal;Überwald;;;;x;;;;;;;
UBW_conservative;Überwald;;;;x;;;;;;;
UBW_proletarian_dictatorship;Überwald Sorcerous Republic;;;;x;;;;;;;
UBW_fascist_dictatorship;Unholy Empire;;;;x;;;;;;;
CHR;Chirm;;;;x;;;;;;;
CHR_fascist;Chirm;;;;x;;;;;;;
CHR_communist;Chirm;;;;x;;;;;;;
CHR_anarcho_liberal;Chirm;;;;x;;;;;;;
CHR_reactionary;Chirm;;;;x;;;;;;;
CHR_socialist;Chirm;;;;x;;;;;;;
CHR_liberal_2;Chirm;;;;x;;;;;;;
CHR_liberal;Chirm;;;;x;;;;;;;
CHR_conservative;Chirm;;;;x;;;;;;;
ESC;Escrow;;;;x;;;;;;;
ESC_fascist;Escrow;;;;x;;;;;;;
ESC_communist;Escrow;;;;x;;;;;;;
ESC_anarcho_liberal;Escrow;;;;x;;;;;;;
ESC_reactionary;Escrow;;;;x;;;;;;;
ESC_socialist;Escrow;;;;x;;;;;;;
ESC_liberal_2;Escrow;;;;x;;;;;;;
ESC_liberal;Escrow;;;;x;;;;;;;
ESC_conservative;Escrow;;;;x;;;;;;;
LPW;Lipwig;;;;x;;;;;;;
LPW_fascist;Lipwig;;;;x;;;;;;;
LPW_communist;Lipwig;;;;x;;;;;;;
LPW_anarcho_liberal;Lipwig;;;;x;;;;;;;
LPW_reactionary;Lipwig;;;;x;;;;;;;
LPW_socialist;Lipwig;;;;x;;;;;;;
LPW_liberal_2;Lipwig;;;;x;;;;;;;
LPW_liberal;Lipwig;;;;x;;;;;;;
LPW_conservative;Lipwig;;;;x;;;;;;
SKN;Skund;;;;x;;;;;;;
SKN_fascist;Skund;;;;x;;;;;;;
SKN_communist;Skund;;;;x;;;;;;;
SKN_anarcho_liberal;Skund;;;;x;;;;;;;
SKN_reactionary;Skund;;;;x;;;;;;;
SKN_socialist;Skund;;;;x;;;;;;;
SKN_liberal_2;Skund;;;;x;;;;;;;
SKN_liberal;Skund;;;;x;;;;;;;
SKN_conservative;Skund;;;;x;;;;;;;
ZEM;Zemphis;;;;x;;;;;;;
ZEM_fascist;Zemphis;;;;x;;;;;;;
ZEM_communist;Zemphis;;;;x;;;;;;;
ZEM_anarcho_liberal;Zemphis;;;;x;;;;;;;
ZEM_reactionary;Zemphis;;;;x;;;;;;;
ZEM_socialist;Zemphis;;;;x;;;;;;;
ZEM_liberal_2;Zemphis;;;;x;;;;;;;
ZEM_liberal;Zemphis;;;;x;;;;;;;
ZEM_conservative;Zemphis;;;;x;;;;;;;
SHR;Sheep Ridge;;;;x;;;;;;;
SHR_fascist;Sheep Ridge;;;;x;;;;;;;
SHR_communist;Sheep Ridge;;;;x;;;;;;;
SHR_anarcho_liberal;Sheep Ridge;;;;x;;;;;;;
SHR_reactionary;Sheep Ridge;;;;x;;;;;;;
SHR_socialist;Sheep Ridge;;;;x;;;;;;;
SHR_liberal_2;Sheep Ridge;;;;x;;;;;;;
SHR_liberal;Sheep Ridge;;;;x;;;;;;;
SHR_conservative;Sheep Ridge;;;;x;;;;;;;
UR0;Ur;;;;x;;;;;;;
UR0_fascist;Ur;;;;x;;;;;;;
UR0_communist;Ur;;;;x;;;;;;;
UR0_anarcho_liberal;Ur;;;;x;;;;;;;
UR0_reactionary;Ur;;;;x;;;;;;;
UR0_socialist;Ur;;;;x;;;;;;;
UR0_liberal_2;Ur;;;;x;;;;;;;
UR0_liberal;Ur;;;;x;;;;;;;
UR0_conservative;Ur;;;;x;;;;;;
RHE;Rheinthal;;;;x;;;;;;;
RHE_fascist;Rheinthal;;;;x;;;;;;;
RHE_communist;Rheinthal;;;;x;;;;;;;
RHE_anarcho_liberal;Rheinthal;;;;x;;;;;;;
RHE_reactionary;Rheinthal;;;;x;;;;;;;
RHE_socialist;Rheinthal;;;;x;;;;;;;
RHE_liberal_2;Rheinthal;;;;x;;;;;;;
RHE_liberal;Rheinthal;;;;x;;;;;;;
RHE_conservative;Rheinthal;;;;x;;;;;;;
VAN;Varneval;;;;x;;;;;;;
VAN_fascist;Varneval;;;;x;;;;;;;
VAN_communist;Varneval;;;;x;;;;;;;
VAN_anarcho_liberal;Varneval;;;;x;;;;;;;
VAN_reactionary;Varneval;;;;x;;;;;;;
VAN_socialist;Varneval;;;;x;;;;;;;
VAN_liberal_2;Varneval;;;;x;;;;;;;
VAN_liberal;Varneval;;;;x;;;;;;;
VAN_conservative;Varneval;;;;x;;;;;;;
LOU;Lounavia;;;;x;;;;;;;
LOU_fascist;Lounavia;;;;x;;;;;;;
LOU_communist;Lounavia;;;;x;;;;;;;
LOU_anarcho_liberal;Lounavia;;;;x;;;;;;;
LOU_reactionary;Lounavia;;;;x;;;;;;;
LOU_socialist;Lounavia;;;;x;;;;;;;
LOU_liberal_2;Lounavia;;;;x;;;;;;;
LOU_liberal;Lounavia;;;;x;;;;;;;
LOU_conservative;Lounavia;;;;x;;;;;;
VEL;Vieux Lordships;;;;x;;;;;;;
VEL_fascist;Vieux Lordships;;;;x;;;;;;;
VEL_communist;Vieux Lordships;;;;x;;;;;;;
VEL_anarcho_liberal;Vieux Lordships;;;;x;;;;;;;
VEL_reactionary;Vieux Lordships;;;;x;;;;;;;
VEL_socialist;Vieux Lordships;;;;x;;;;;;;
VEL_liberal_2;Vieux Lordships;;;;x;;;;;;;
VEL_liberal;Vieux Lordships;;;;x;;;;;;;
VEL_conservative;Vieux Lordships;;;;x;;;;;;;
KNC;Kashncari;;;;x;;;;;;;
KNC_fascist;Kashncari;;;;x;;;;;;;
KNC_communist;Kashncari;;;;x;;;;;;;
KNC_anarcho_liberal;Kashncari;;;;x;;;;;;;
KNC_reactionary;Kashncari;;;;x;;;;;;;
KNC_socialist;Kashncari;;;;x;;;;;;;
KNC_liberal_2;Kashncari;;;;x;;;;;;;
KNC_liberal;Kashncari;;;;x;;;;;;;
KNC_conservative;Kashncari;;;;x;;;;;;;
GRJ;Grjsknvij;;;;x;;;;;;;
GRJ_fascist;Grjsknvij;;;;x;;;;;;;
GRJ_communist;Grjsknvij;;;;x;;;;;;;
GRJ_anarcho_liberal;Grjsknvij;;;;x;;;;;;;
GRJ_reactionary;Grjsknvij;;;;x;;;;;;;
GRJ_socialist;Grjsknvij;;;;x;;;;;;;
GRJ_liberal_2;Grjsknvij;;;;x;;;;;;;
GRJ_liberal;Grjsknvij;;;;x;;;;;;;
GRJ_conservative;Grjsknvij;;;;x;;;;;;;
MUN;Müning;;;;x;;;;;;;
MUN_fascist;Müning;;;;x;;;;;;;
MUN_communist;Müning;;;;x;;;;;;;
MUN_anarcho_liberal;Müning;;;;x;;;;;;;
MUN_reactionary;Müning;;;;x;;;;;;;
MUN_socialist;Müning;;;;x;;;;;;;
MUN_liberal_2;Müning;;;;x;;;;;;;
MUN_liberal;Müning;;;;x;;;;;;;
MUN_conservative;Müning;;;;x;;;;;;
FUW;Far Überwald;;;;x;;;;;;;
FUW_fascist;Far Überwald;;;;x;;;;;;;
FUW_communist;Far Überwald;;;;x;;;;;;;
FUW_anarcho_liberal;Far Überwald;;;;x;;;;;;;
FUW_reactionary;Far Überwald;;;;x;;;;;;;
FUW_socialist;Far Überwald;;;;x;;;;;;;
FUW_liberal_2;Far Überwald;;;;x;;;;;;;
FUW_liberal;Far Überwald;;;;x;;;;;;;
FUW_conservative;Far Überwald;;;;x;;;;;;;
GEN;Genua;;;;x;;;;;;;
GEN_fascist;Genua;;;;x;;;;;;;
GEN_communist;Genua;;;;x;;;;;;;
GEN_anarcho_liberal;Genua;;;;x;;;;;;;
GEN_reactionary;Genua;;;;x;;;;;;;
GEN_socialist;Genua;;;;x;;;;;;;
GEN_liberal_2;Genua;;;;x;;;;;;;
GEN_liberal;Genua;;;;x;;;;;;;
GEN_conservative;Genua;;;;x;;;;;;;
NEV;Neverlands;;;;x;;;;;;;
NEV_fascist;Neverlands;;;;x;;;;;;;
NEV_communist;Neverlands;;;;x;;;;;;;
NEV_anarcho_liberal;Neverlands;;;;x;;;;;;;
NEV_reactionary;Neverlands;;;;x;;;;;;;
NEV_socialist;Neverlands;;;;x;;;;;;;
NEV_liberal_2;Neverlands;;;;x;;;;;;;
NEV_liberal;Neverlands;;;;x;;;;;;;
NEV_conservative;Neverlands;;;;x;;;;;;
MUT;Muntab;;;;x;;;;;;;
MUT_fascist;Muntab;;;;x;;;;;;;
MUT_communist;Muntab;;;;x;;;;;;;
MUT_anarcho_liberal;Muntab;;;;x;;;;;;;
MUT_reactionary;Muntab;;;;x;;;;;;;
MUT_socialist;Muntab;;;;x;;;;;;;
MUT_liberal_2;Muntab;;;;x;;;;;;;
MUT_liberal;Muntab;;;;x;;;;;;;
MUT_conservative;Muntab;;;;x;;;;;;
GHA;Ghat;;;;x;;;;;;;
GHA_fascist;Ghat;;;;x;;;;;;;
GHA_communist;Ghat;;;;x;;;;;;;
GHA_anarcho_liberal;Ghat;;;;x;;;;;;;
GHA_reactionary;Ghat;;;;x;;;;;;;
GHA_socialist;Ghat;;;;x;;;;;;;
GHA_liberal_2;Ghat;;;;x;;;;;;;
GHA_liberal;Ghat;;;;x;;;;;;;
GHA_conservative;Ghat;;;;x;;;;;;;
REH;Rehigreed Province;;;;x;;;;;;;
REH_fascist;Rehigreed Province;;;;x;;;;;;;
REH_communist;Rehigreed Province;;;;x;;;;;;;
REH_anarcho_liberal;Rehigreed Province;;;;x;;;;;;;
REH_reactionary;Rehigreed Province;;;;x;;;;;;;
REH_socialist;Rehigreed Province;;;;x;;;;;;;
REH_liberal_2;Rehigreed Province;;;;x;;;;;;;
REH_liberal;Rehigreed Province;;;;x;;;;;;;
REH_conservative;Rehigreed Province;;;;x;;;;;;;
NTF;Nothingfjord;;;;x;;;;;;;
NTF_fascist;Nothingfjord;;;;x;;;;;;;
NTF_communist;Nothingfjord;;;;x;;;;;;;
NTF_anarcho_liberal;Nothingfjord;;;;x;;;;;;;
NTF_reactionary;Nothingfjord;;;;x;;;;;;;
NTF_socialist;Nothingfjord;;;;x;;;;;;;
NTF_liberal_2;Nothingfjord;;;;x;;;;;;;
NTF_liberal;Nothingfjord;;;;x;;;;;;;
NTF_conservative;Nothingfjord;;;;x;;;;;;
TEZ;Tezuman Empire;;;;x;;;;;;;
TEZ_fascist;Tezuman Empire;;;;x;;;;;;;
TEZ_communist;Tezuman Empire;;;;x;;;;;;;
TEZ_anarcho_liberal;Tezuman Empire;;;;x;;;;;;;
TEZ_reactionary;Tezuman Empire;;;;x;;;;;;;
TEZ_socialist;Tezuman Empire;;;;x;;;;;;;
TEZ_liberal_2;Tezuman Empire;;;;x;;;;;;;
TEZ_liberal;Tezuman Empire;;;;x;;;;;;;
TEZ_conservative;Tezuman Empire;;;;x;;;;;;
CHL;The Chalk;;;;x;;;;;;;
CHL_fascist;The Chalk;;;;x;;;;;;;
CHL_communist;The Chalk;;;;x;;;;;;;
CHL_anarcho_liberal;The Chalk;;;;x;;;;;;;
CHL_reactionary;The Chalk;;;;x;;;;;;;
CHL_socialist;The Chalk;;;;x;;;;;;;
CHL_liberal_2;The Chalk;;;;x;;;;;;;
CHL_liberal;The Chalk;;;;x;;;;;;;
CHL_conservative;The Chalk;;;;x;;;;;;
KPS;Keepsake;;;;x;;;;;;;
KPS_fascist;Keepsake;;;;x;;;;;;;
KPS_communist;Keepsake;;;;x;;;;;;;
KPS_anarcho_liberal;Keepsake;;;;x;;;;;;;
KPS_reactionary;Keepsake;;;;x;;;;;;;
KPS_socialist;Keepsake;;;;x;;;;;;;
KPS_liberal_2;Keepsake;;;;x;;;;;;;
KPS_liberal;Keepsake;;;;x;;;;;;;
KPS_conservative;Keepsake;;;;x;;;;;;
MET;Mento;;;;x;;;;;;;
MET_fascist;Mento;;;;x;;;;;;;
MET_communist;Mento;;;;x;;;;;;;
MET_anarcho_liberal;Mento;;;;x;;;;;;;
MET_reactionary;Mento;;;;x;;;;;;;
MET_socialist;Mento;;;;x;;;;;;;
MET_liberal_2;Mento;;;;x;;;;;;;
MET_liberal;Mento;;;;x;;;;;;;
MET_conservative;Mento;;;;x;;;;;;
BLG;Bluegrass;;;;x;;;;;;;
BLG_fascist;Bluegrass;;;;x;;;;;;;
BLG_communist;Bluegrass;;;;x;;;;;;;
BLG_anarcho_liberal;Bluegrass;;;;x;;;;;;;
BLG_reactionary;Bluegrass;;;;x;;;;;;;
BLG_socialist;Bluegrass;;;;x;;;;;;;
BLG_liberal_2;Bluegrass;;;;x;;;;;;;
BLG_liberal;Bluegrass;;;;x;;;;;;;
BLG_conservative;Bluegrass;;;;x;;;;;;
TRW;Turnwind;;;;x;;;;;;;
TRW_fascist;Turnwind;;;;x;;;;;;;
TRW_communist;Turnwind;;;;x;;;;;;;
TRW_anarcho_liberal;Turnwind;;;;x;;;;;;;
TRW_reactionary;Turnwind;;;;x;;;;;;;
TRW_socialist;Turnwind;;;;x;;;;;;;
TRW_liberal_2;Turnwind;;;;x;;;;;;;
TRW_liberal;Turnwind;;;;x;;;;;;;
TRW_conservative;Turnwind;;;;x;;;;;;
ORO;Orohai;;;;x;;;;;;;
ORO_fascist;Orohai;;;;x;;;;;;;
ORO_communist;Orohai;;;;x;;;;;;;
ORO_anarcho_liberal;Orohai;;;;x;;;;;;;
ORO_reactionary;Orohai;;;;x;;;;;;;
ORO_socialist;Orohai;;;;x;;;;;;;
ORO_liberal_2;Orohai;;;;x;;;;;;;
ORO_liberal;Orohai;;;;x;;;;;;;
ORO_conservative;Orohai;;;;x;;;;;;
URT;Urt;;;;x;;;;;;;
URT_fascist;Urt;;;;x;;;;;;;
URT_communist;Urt;;;;x;;;;;;;
URT_anarcho_liberal;Urt;;;;x;;;;;;;
URT_reactionary;Urt;;;;x;;;;;;;
URT_socialist;Urt;;;;x;;;;;;;
URT_liberal_2;Urt;;;;x;;;;;;;
URT_liberal;Urt;;;;x;;;;;;;
URT_conservative;Urt;;;;x;;;;;;
URA;Urabewe;;;;x;;;;;;;
URA_fascist;Urabewe;;;;x;;;;;;;
URA_communist;Urabewe;;;;x;;;;;;;
URA_anarcho_liberal;Urabewe;;;;x;;;;;;;
URA_reactionary;Urabewe;;;;x;;;;;;;
URA_socialist;Urabewe;;;;x;;;;;;;
URA_liberal_2;Urabewe;;;;x;;;;;;;
URA_liberal;Urabewe;;;;x;;;;;;;
URA_conservative;Urabewe;;;;x;;;;;;
SBE;S'Belinde;;;;x;;;;;;;
SBE_fascist;S'Belinde;;;;x;;;;;;;
SBE_communist;S'Belinde;;;;x;;;;;;;
SBE_anarcho_liberal;S'Belinde;;;;x;;;;;;;
SBE_reactionary;S'Belinde;;;;x;;;;;;;
SBE_socialist;S'Belinde;;;;x;;;;;;;
SBE_liberal_2;S'Belinde;;;;x;;;;;;;
SBE_liberal;S'Belinde;;;;x;;;;;;;
SBE_conservative;S'Belinde;;;;x;;;;;;
TET;T'etse;;;;x;;;;;;;
TET_fascist;T'etse;;;;x;;;;;;;
TET_communist;T'etse;;;;x;;;;;;;
TET_anarcho_liberal;T'etse;;;;x;;;;;;;
TET_reactionary;T'etse;;;;x;;;;;;;
TET_socialist;T'etse;;;;x;;;;;;;
TET_liberal_2;T'etse;;;;x;;;;;;;
TET_liberal;T'etse;;;;x;;;;;;;
TET_conservative;T'etse;;;;x;;;;;;
FRF;Farferee;;;;x;;;;;;;
FRF_fascist;Farferee;;;;x;;;;;;;
FRF_communist;Farferee;;;;x;;;;;;;
FRF_anarcho_liberal;Farferee;;;;x;;;;;;;
FRF_reactionary;Farferee;;;;x;;;;;;;
FRF_socialist;Farferee;;;;x;;;;;;;
FRF_liberal_2;Farferee;;;;x;;;;;;;
FRF_liberal;Farferee;;;;x;;;;;;;
FRF_conservative;Farferee;;;;x;;;;;;
KHN;Khanli;;;;x;;;;;;;
KHN_fascist;Khanli;;;;x;;;;;;;
KHN_communist;Khanli;;;;x;;;;;;;
KHN_anarcho_liberal;Khanli;;;;x;;;;;;;
KHN_reactionary;Khanli;;;;x;;;;;;;
KHN_socialist;Khanli;;;;x;;;;;;;
KHN_liberal_2;Khanli;;;;x;;;;;;;
KHN_liberal;Khanli;;;;x;;;;;;;
KHN_conservative;Khanli;;;;x;;;;;;
HRL;H'rull;;;;x;;;;;;;
HRL_fascist;H'rull;;;;x;;;;;;;
HRL_communist;H'rull;;;;x;;;;;;;
HRL_anarcho_liberal;H'rull;;;;x;;;;;;;
HRL_reactionary;H'rull;;;;x;;;;;;;
HRL_socialist;H'rull;;;;x;;;;;;;
HRL_liberal_2;H'rull;;;;x;;;;;;;
HRL_liberal;H'rull;;;;x;;;;;;;
HRL_conservative;H'rull;;;;x;;;;;;
BRI;Brindisi;;;;x;;;;;;;
BRI_fascist;Brindisi;;;;x;;;;;;;
BRI_communist;Brindisi;;;;x;;;;;;;
BRI_anarcho_liberal;Brindisi;;;;x;;;;;;;
BRI_reactionary;Brindisi;;;;x;;;;;;;
BRI_socialist;Brindisi;;;;x;;;;;;;
BRI_liberal_2;Brindisi;;;;x;;;;;;;
BRI_liberal;Brindisi;;;;x;;;;;;;
BRI_conservative;Brindisi;;;;x;;;;;;
WYM;Wyrmberg;;;;x;;;;;;;
WYM_fascist;Wyrmberg;;;;x;;;;;;;
WYM_communist;Wyrmberg;;;;x;;;;;;;
WYM_anarcho_liberal;Wyrmberg;;;;x;;;;;;;
WYM_reactionary;Wyrmberg;;;;x;;;;;;;
WYM_socialist;Wyrmberg;;;;x;;;;;;;
WYM_liberal_2;Wyrmberg;;;;x;;;;;;;
WYM_liberal;Wyrmberg;;;;x;;;;;;;
WYM_conservative;Wyrmberg;;;;x;;;;;;
STG;Sto Herridge;;;;x;;;;;;;
STG_fascist;Sto Herridge;;;;x;;;;;;;
STG_communist;Sto Herridge;;;;x;;;;;;;
STG_anarcho_liberal;Sto Herridge;;;;x;;;;;;;
STG_reactionary;Sto Herridge;;;;x;;;;;;;
STG_socialist;Sto Herridge;;;;x;;;;;;;
STG_liberal_2;Sto Herridge;;;;x;;;;;;;
STG_liberal;Sto Herridge;;;;x;;;;;;;
STG_conservative;Sto Herridge;;;;x;;;;;;
STQ;Sto Quarn;;;;x;;;;;;;
STQ_fascist;Sto Quarn;;;;x;;;;;;;
STQ_communist;Sto Quarn;;;;x;;;;;;;
STQ_anarcho_liberal;Sto Quarn;;;;x;;;;;;;
STQ_reactionary;Sto Quarn;;;;x;;;;;;;
STQ_socialist;Sto Quarn;;;;x;;;;;;;
STQ_liberal_2;Sto Quarn;;;;x;;;;;;;
STQ_liberal;Sto Quarn;;;;x;;;;;;;
STQ_conservative;Sto Quarn;;;;x;;;;;;
STR;Sto Rutab;;;;x;;;;;;;
STR_fascist;Sto Rutab;;;;x;;;;;;;
STR_communist;Sto Rutab;;;;x;;;;;;;
STR_anarcho_liberal;Sto Rutab;;;;x;;;;;;;
STR_reactionary;Sto Rutab;;;;x;;;;;;;
STR_socialist;Sto Rutab;;;;x;;;;;;;
STR_liberal_2;Sto Rutab;;;;x;;;;;;;
STR_liberal;Sto Rutab;;;;x;;;;;;;
STR_conservative;Sto Rutab;;;;x;;;;;;
LOG;Longrove;;;;x;;;;;;;
LOG_fascist;Longrove;;;;x;;;;;;;
LOG_communist;Longrove;;;;x;;;;;;;
LOG_anarcho_liberal;Longrove;;;;x;;;;;;;
LOG_reactionary;Longrove;;;;x;;;;;;;
LOG_socialist;Longrove;;;;x;;;;;;;
LOG_liberal_2;Longrove;;;;x;;;;;;;
LOG_liberal;Longrove;;;;x;;;;;;;
LOG_conservative;Longrove;;;;x;;;;;;
BRL;Burnleaf;;;;x;;;;;;;
BRL_fascist;Burnleaf;;;;x;;;;;;;
BRL_communist;Burnleaf;;;;x;;;;;;;
BRL_anarcho_liberal;Burnleaf;;;;x;;;;;;;
BRL_reactionary;Burnleaf;;;;x;;;;;;;
BRL_socialist;Burnleaf;;;;x;;;;;;;
BRL_liberal_2;Burnleaf;;;;x;;;;;;;
BRL_liberal;Burnleaf;;;;x;;;;;;;
BRL_conservative;Burnleaf;;;;x;;;;;;
SLI;Stalime;;;;x;;;;;;;
SLI_fascist;Stalime;;;;x;;;;;;;
SLI_communist;Stalime;;;;x;;;;;;;
SLI_anarcho_liberal;Stalime;;;;x;;;;;;;
SLI_reactionary;Stalime;;;;x;;;;;;;
SLI_socialist;Stalime;;;;x;;;;;;;
SLI_liberal_2;Stalime;;;;x;;;;;;;
SLI_liberal;Stalime;;;;x;;;;;;;
SLI_conservative;Stalime;;;;x;;;;;;
LLA;Llamedos;;;;x;;;;;;;
LLA_fascist;Llamedos;;;;x;;;;;;;
LLA_communist;Llamedos;;;;x;;;;;;;
LLA_anarcho_liberal;Llamedos;;;;x;;;;;;;
LLA_reactionary;Llamedos;;;;x;;;;;;;
LLA_socialist;Llamedos;;;;x;;;;;;;
LLA_liberal_2;Llamedos;;;;x;;;;;;;
LLA_liberal;Llamedos;;;;x;;;;;;;
LLA_conservative;Llamedos;;;;x;;;;;;
TOH;Tollhills;;;;x;;;;;;;
TOH_fascist;Tollhills;;;;x;;;;;;;
TOH_communist;Tollhills;;;;x;;;;;;;
TOH_anarcho_liberal;Tollhills;;;;x;;;;;;;
TOH_reactionary;Tollhills;;;;x;;;;;;;
TOH_socialist;Tollhills;;;;x;;;;;;;
TOH_liberal_2;Tollhills;;;;x;;;;;;;
TOH_liberal;Tollhills;;;;x;;;;;;;
TOH_conservative;Tollhills;;;;x;;;;;;
VUL;Vuldar;;;;x;;;;;;;
VUL_fascist;Vuldar;;;;x;;;;;;;
VUL_communist;Vuldar;;;;x;;;;;;;
VUL_anarcho_liberal;Vuldar;;;;x;;;;;;;
VUL_reactionary;Vuldar;;;;x;;;;;;;
VUL_socialist;Vuldar;;;;x;;;;;;;
VUL_liberal_2;Vuldar;;;;x;;;;;;;
VUL_liberal;Vuldar;;;;x;;;;;;;
VUL_conservative;Vuldar;;;;x;;;;;;
CHI;Chimeria;;;;x;;;;;;;
CHI_fascist;Chimeria;;;;x;;;;;;;
CHI_communist;Chimeria;;;;x;;;;;;;
CHI_anarcho_liberal;Chimeria;;;;x;;;;;;;
CHI_reactionary;Chimeria;;;;x;;;;;;;
CHI_socialist;Chimeria;;;;x;;;;;;;
CHI_liberal_2;Chimeria;;;;x;;;;;;;
CHI_liberal;Chimeria;;;;x;;;;;;;
CHI_conservative;Chimeria;;;;x;;;;;;
BHA;Bhangbhangduc;;;;x;;;;;;;
BHA_fascist;Bhangbhangduc;;;;x;;;;;;;
BHA_communist;Bhangbhangduc;;;;x;;;;;;;
BHA_anarcho_liberal;Bhangbhangduc;;;;x;;;;;;;
BHA_reactionary;Bhangbhangduc;;;;x;;;;;;;
BHA_socialist;Bhangbhangduc;;;;x;;;;;;;
BHA_liberal_2;Bhangbhangduc;;;;x;;;;;;;
BHA_liberal;Bhangbhangduc;;;;x;;;;;;;
BHA_conservative;Bhangbhangduc;;;;x;;;;;;
NAF;Nafooi;;;;x;;;;;;;
NAF_fascist;Nafooi;;;;x;;;;;;;
NAF_communist;Nafooi;;;;x;;;;;;;
NAF_anarcho_liberal;Nafooi;;;;x;;;;;;;
NAF_reactionary;Nafooi;;;;x;;;;;;;
NAF_socialist;Nafooi;;;;x;;;;;;;
NAF_liberal_2;Nafooi;;;;x;;;;;;;
NAF_liberal;Nafooi;;;;x;;;;;;;
NAF_conservative;Nafooi;;;;x;;;;;;
LAN;Lancre;;;;x;;;;;;;
LAN_fascist;Lancre;;;;x;;;;;;;
LAN_communist;Lancre;;;;x;;;;;;;
LAN_anarcho_liberal;Lancre;;;;x;;;;;;;
LAN_reactionary;Lancre;;;;x;;;;;;;
LAN_socialist;Lancre;;;;x;;;;;;;
LAN_liberal_2;Lancre;;;;x;;;;;;;
LAN_liberal;Lancre;;;;x;;;;;;;
LAN_conservative;Lancre;;;;x;;;;;;
COP;Copperhead;;;;x;;;;;;;
OHU;Ohulan Cutash;;;;x;;;;;;;
VGL;Vanglemesh;;;;x;;;;;;;
KLS;Klatchistan;;;;x;;;;;;;
NKS;North Klatchistan;;;;x;;;;;;;
SIR;Sirrit;;;;x;;;;;;;
COD;Condoment Province;;;;x;;;;;;;
KYT;Kythia;;;;x;;;;;;;
TWS;Twoshirts;;;;x;;;;;;;
TWS_fascist;Twoshirts;;;;x;;;;;;;
TWS_communist;Twoshirts;;;;x;;;;;;;
TWS_anarcho_liberal;Twoshirts;;;;x;;;;;;;
TWS_reactionary;Twoshirts;;;;x;;;;;;;
TWS_socialist;Twoshirts;;;;x;;;;;;;
TWS_liberal_2;Twoshirts;;;;x;;;;;;;
TWS_liberal;Twoshirts;;;;x;;;;;;;
TWS_conservative;Twoshirts;;;;x;;;;;;
LMT;Lesser Muntab;;;;x;;;;;;;
LMT_fascist;Lesser Muntab;;;;x;;;;;;;
LMT_communist;Lesser Muntab;;;;x;;;;;;;
LMT_anarcho_liberal;Lesser Muntab;;;;x;;;;;;;
LMT_reactionary;Lesser Muntab;;;;x;;;;;;;
LMT_socialist;Lesser Muntab;;;;x;;;;;;;
LMT_liberal_2;Lesser Muntab;;;;x;;;;;;;
LMT_liberal;Lesser Muntab;;;;x;;;;;;;
LMT_conservative;Lesser Muntab;;;;x;;;;;;
HIC;Highcliff;;;;x;;;;;;;
HIC_fascist;Highcliff;;;;x;;;;;;;
HIC_communist;Highcliff;;;;x;;;;;;;
HIC_anarcho_liberal;Highcliff;;;;x;;;;;;;
HIC_reactionary;Highcliff;;;;x;;;;;;;
HIC_socialist;Highcliff;;;;x;;;;;;;
HIC_liberal_2;Highcliff;;;;x;;;;;;;
HIC_liberal;Highcliff;;;;x;;;;;;;
HIC_conservative;Highcliff;;;;x;;;;;;
STN;Sto Kan;;;;x;;;;;;;
STN_fascist;Sto Kan;;;;x;;;;;;;
STN_communist;Sto Kan;;;;x;;;;;;;
STN_anarcho_liberal;Sto Kan;;;;x;;;;;;;
STN_reactionary;Sto Kan;;;;x;;;;;;;
STN_socialist;Sto Kan;;;;x;;;;;;;
STN_liberal_2;Sto Kan;;;;x;;;;;;;
STN_liberal;Sto Kan;;;;x;;;;;;;
STN_conservative;Sto Kan;;;;x;;;;;;
BYK;Bonk;;;;x;;;;;;;
BYK_fascist;Bonk;;;;x;;;;;;;
BYK_communist;Bonk;;;;x;;;;;;;
BYK_anarcho_liberal;Bonk;;;;x;;;;;;;
BYK_reactionary;Bonk;;;;x;;;;;;;
BYK_socialist;Bonk;;;;x;;;;;;;
BYK_liberal_2;Bonk;;;;x;;;;;;;
BYK_liberal;Bonk;;;;x;;;;;;;
BYK_conservative;Bonk;;;;x;;;;;;
BLI;Blintz;;;;x;;;;;;;
BLI_fascist;Blintz;;;;x;;;;;;;
BLI_communist;Blintz;;;;x;;;;;;;
BLI_anarcho_liberal;Blintz;;;;x;;;;;;;
BLI_reactionary;Blintz;;;;x;;;;;;;
BLI_socialist;Blintz;;;;x;;;;;;;
BLI_liberal_2;Blintz;;;;x;;;;;;;
BLI_liberal;Blintz;;;;x;;;;;;;
BLI_conservative;Blintz;;;;x;;;;;;
LOK;Loko;;;;x;;;;;;;
LOK_fascist;Loko;;;;x;;;;;;;
LOK_communist;Loko;;;;x;;;;;;;
LOK_anarcho_liberal;Loko;;;;x;;;;;;;
LOK_reactionary;Loko;;;;x;;;;;;;
LOK_socialist;Loko;;;;x;;;;;;;
LOK_liberal_2;Loko;;;;x;;;;;;;
LOK_liberal;Loko;;;;x;;;;;;;
LOK_conservative;Loko;;;;x;;;;;;
GLZ;Glitz;;;;x;;;;;;;
GLZ_fascist;Glitz;;;;x;;;;;;;
GLZ_communist;Glitz;;;;x;;;;;;;
GLZ_anarcho_liberal;Glitz;;;;x;;;;;;;
GLZ_reactionary;Glitz;;;;x;;;;;;;
GLZ_socialist;Glitz;;;;x;;;;;;;
GLZ_liberal_2;Glitz;;;;x;;;;;;;
GLZ_liberal;Glitz;;;;x;;;;;;;
GLZ_conservative;Glitz;;;;x;;;;;;
NVX;New Vieux;;;;x;;;;;;;
NVX_fascist;New Vieux;;;;x;;;;;;;
NVX_communist;New Vieux;;;;x;;;;;;;
NVX_anarcho_liberal;New Vieux;;;;x;;;;;;;
NVX_reactionary;New Vieux;;;;x;;;;;;;
NVX_socialist;New Vieux;;;;x;;;;;;;
NVX_liberal_2;New Vieux;;;;x;;;;;;;
NVX_liberal;New Vieux;;;;x;;;;;;;
NVX_conservative;New Vieux;;;;x;;;;;;
DLZ;Dlinz;;;;x;;;;;;;
DLZ_fascist;Dlinz;;;;x;;;;;;;
DLZ_communist;Dlinz;;;;x;;;;;;;
DLZ_anarcho_liberal;Dlinz;;;;x;;;;;;;
DLZ_reactionary;Dlinz;;;;x;;;;;;;
DLZ_socialist;Dlinz;;;;x;;;;;;;
DLZ_liberal_2;Dlinz;;;;x;;;;;;;
DLZ_liberal;Dlinz;;;;x;;;;;;;
DLZ_conservative;Dlinz;;;;x;;;;;;
CTG;Cartthengo;;;;x;;;;;;;
CTG_fascist;Cartthengo;;;;x;;;;;;;
CTG_communist;Cartthengo;;;;x;;;;;;;
CTG_anarcho_liberal;Cartthengo;;;;x;;;;;;;
CTG_reactionary;Cartthengo;;;;x;;;;;;;
CTG_socialist;Cartthengo;;;;x;;;;;;;
CTG_liberal_2;Cartthengo;;;;x;;;;;;;
CTG_liberal;Cartthengo;;;;x;;;;;;;
CTG_conservative;Cartthengo;;;;x;;;;;;
CAN;Canea;;;;x;;;;;;;
CAN_fascist;Canea;;;;x;;;;;;;
CAN_communist;Canea;;;;x;;;;;;;
CAN_anarcho_liberal;Canea;;;;x;;;;;;;
CAN_reactionary;Canea;;;;x;;;;;;;
CAN_socialist;Canea;;;;x;;;;;;;
CAN_liberal_2;Canea;;;;x;;;;;;;
CAN_liberal;Canea;;;;x;;;;;;;
CAN_conservative;Canea;;;;x;;;;;;
TUR;Turim;;;;x;;;;;;;
TUR_fascist;Turim;;;;x;;;;;;;
TUR_communist;Turim;;;;x;;;;;;;
TUR_anarcho_liberal;Turim;;;;x;;;;;;;
TUR_reactionary;Turim;;;;x;;;;;;;
TUR_socialist;Turim;;;;x;;;;;;;
TUR_liberal_2;Turim;;;;x;;;;;;;
TUR_liberal;Turim;;;;x;;;;;;;
TUR_conservative;Turim;;;;x;;;;;;
SAL;Saltpike;;;;x;;;;;;;
SAL_fascist;Saltpike;;;;x;;;;;;;
SAL_communist;Saltpike;;;;x;;;;;;;
SAL_anarcho_liberal;Saltpike;;;;x;;;;;;;
SAL_reactionary;Saltpike;;;;x;;;;;;;
SAL_socialist;Saltpike;;;;x;;;;;;;
SAL_liberal_2;Saltpike;;;;x;;;;;;;
SAL_liberal;Saltpike;;;;x;;;;;;;
SAL_conservative;Saltpike;;;;x;;;;;;
TAL;Talore;;;;x;;;;;;;
TAL_fascist;Talore;;;;x;;;;;;;
TAL_communist;Talore;;;;x;;;;;;;
TAL_anarcho_liberal;Talore;;;;x;;;;;;;
TAL_reactionary;Talore;;;;x;;;;;;;
TAL_socialist;Talore;;;;x;;;;;;;
TAL_liberal_2;Talore;;;;x;;;;;;;
TAL_liberal;Talore;;;;x;;;;;;;
TAL_conservative;Talore;;;;x;;;;;;
BEL;Belgia;;;;x;;;;;;;
BEL_fascist;Belgia;;;;x;;;;;;;
BEL_communist;Belgia;;;;x;;;;;;;
BEL_anarcho_liberal;Belgia;;;;x;;;;;;;
BEL_reactionary;Belgia;;;;x;;;;;;;
BEL_socialist;Belgia;;;;x;;;;;;;
BEL_liberal_2;Belgia;;;;x;;;;;;;
BEL_liberal;Belgia;;;;x;;;;;;;
BEL_conservative;Belgia;;;;x;;;;;;
OML;Outer Mouldavia;;;;x;;;;;;;
OML_fascist;Outer Mouldavia;;;;x;;;;;;;
OML_communist;Outer Mouldavia;;;;x;;;;;;;
OML_anarcho_liberal;Outer Mouldavia;;;;x;;;;;;;
OML_reactionary;Outer Mouldavia;;;;x;;;;;;;
OML_socialist;Outer Mouldavia;;;;x;;;;;;;
OML_liberal_2;Outer Mouldavia;;;;x;;;;;;;
OML_liberal;Outer Mouldavia;;;;x;;;;;;;
OML_conservative;Outer Mouldavia;;;;x;;;;;;
HEG;Hergen;;;;x;;;;;;;
HEG_fascist;Hergen;;;;x;;;;;;;
HEG_communist;Hergen;;;;x;;;;;;;
HEG_anarcho_liberal;Hergen;;;;x;;;;;;;
HEG_reactionary;Hergen;;;;x;;;;;;;
HEG_socialist;Hergen;;;;x;;;;;;;
HEG_liberal_2;Hergen;;;;x;;;;;;;
HEG_liberal;Hergen;;;;x;;;;;;;
HEG_conservative;Hergen;;;;x;;;;;;
STO;Sto Plains Confederation;;;;x;;;;;;;
STO_fascist;Sto Plains Empire;;;;x;;;;;;;
STO_communist;Union of the Sto Plains;;;;x;;;;;;;
STO_anarcho_liberal;Sto Plains Confederation;;;;x;;;;;;;
STO_reactionary;Sto Plains Federation;;;;x;;;;;;;
STO_socialist;Sto Plains Confederation;;;;x;;;;;;;
STO_liberal_2;Sto Plains Confederation;;;;x;;;;;;;
STO_liberal;Sto Plains Confederation;;;;x;;;;;;;
STO_conservative;Sto Plains Confederation;;;;x;;;;;;
XX4;Fourecks;;;;x;;;;;;;
XX4_fascist;Sto Plains Empire;;;;x;;;;;;;
XX4_communist;Fourecks;;;;x;;;;;;;
XX4_anarcho_liberal;Fourecks;;;;x;;;;;;;
XX4_reactionary;Fourecks;;;;x;;;;;;;
XX4_socialist;Fourecks;;;;x;;;;;;;
XX4_liberal_2;Fourecks;;;;x;;;;;;;
XX4_liberal;Fourecks;;;;x;;;;;;;
XX4_conservative;Fourecks;;;;x;;;;;;
SLC;Slice;;;;x;;;;;;;
SLC_fascist;Slice;;;;x;;;;;;;
SLC_communist;Slice;;;;x;;;;;;;
SLC_anarcho_liberal;Slice;;;;x;;;;;;;
SLC_reactionary;Slice;;;;x;;;;;;;
SLC_socialist;Slice;;;;x;;;;;;;
SLC_liberal_2;Slice;;;;x;;;;;;;
SLC_liberal;Slice;;;;x;;;;;;;
SLC_conservative;Slice;;;;x;;;;;;
IRM;Iram;;;;x;;;;;;;
IRM_fascist;Iram;;;;x;;;;;;;
IRM_communist;Iram;;;;x;;;;;;;
IRM_anarcho_liberal;Iram;;;;x;;;;;;;
IRM_reactionary;Iram;;;;x;;;;;;;
IRM_socialist;Iram;;;;x;;;;;;;
IRM_liberal_2;Iram;;;;x;;;;;;;
IRM_liberal;Iram;;;;x;;;;;;;
IRM_conservative;Iram;;;;x;;;;;;
TRA;Transistra;;;;x;;;;;;;
TRA_fascist;Transistra;;;;x;;;;;;;
TRA_communist;Transistra;;;;x;;;;;;;
TRA_anarcho_liberal;Transistra;;;;x;;;;;;;
TRA_reactionary;Transistra;;;;x;;;;;;;
TRA_socialist;Transistra;;;;x;;;;;;;
TRA_liberal_2;Transistra;;;;x;;;;;;;
TRA_liberal;Transistra;;;;x;;;;;;;
TRA_conservative;Transistra;;;;x;;;;;;
INN;Innasted;;;;x;;;;;;;
INN_fascist;Innasted;;;;x;;;;;;;
INN_communist;Innasted;;;;x;;;;;;;
INN_anarcho_liberal;Innasted;;;;x;;;;;;;
INN_reactionary;Innasted;;;;x;;;;;;;
INN_socialist;Innasted;;;;x;;;;;;;
INN_liberal_2;Innasted;;;;x;;;;;;;
INN_liberal;Innasted;;;;x;;;;;;;
INN_conservative;Innasted;;;;x;;;;;;
MOM;Momerathia;;;;x;;;;;;;
MOM_fascist;Momerathia;;;;x;;;;;;;
MOM_communist;Momerathia;;;;x;;;;;;;
MOM_anarcho_liberal;Momerathia;;;;x;;;;;;;
MOM_reactionary;Momerathia;;;;x;;;;;;;
MOM_socialist;Momerathia;;;;x;;;;;;;
MOM_liberal_2;Momerathia;;;;x;;;;;;;
MOM_liberal;Momerathia;;;;x;;;;;;;
MOM_conservative;Momerathia;;;;x;;;;;;
TLE;Tolsedge;;;;x;;;;;;;
TLE_fascist;Tolsedge;;;;x;;;;;;;
TLE_communist;Tolsedge;;;;x;;;;;;;
TLE_anarcho_liberal;Tolsedge;;;;x;;;;;;;
TLE_reactionary;Tolsedge;;;;x;;;;;;;
TLE_socialist;Tolsedge;;;;x;;;;;;;
TLE_liberal_2;Tolsedge;;;;x;;;;;;;
TLE_liberal;Tolsedge;;;;x;;;;;;;
TLE_conservative;Tolsedge;;;;x;;;;;;
MID;Mindarna;;;;x;;;;;;;
MID_fascist;Mindarna;;;;x;;;;;;;
MID_communist;Mindarna;;;;x;;;;;;;
MID_anarcho_liberal;Mindarna;;;;x;;;;;;;
MID_reactionary;Mindarna;;;;x;;;;;;;
MID_socialist;Mindarna;;;;x;;;;;;;
MID_liberal_2;Mindarna;;;;x;;;;;;;
MID_liberal;Mindarna;;;;x;;;;;;;
MID_conservative;Mindarna;;;;x;;;;;;
SUM;Sumtri;;;;x;;;;;;;
SUM_fascist;Sumtri;;;;x;;;;;;;
SUM_communist;Sumtri;;;;x;;;;;;;
SUM_anarcho_liberal;Sumtri;;;;x;;;;;;;
SUM_reactionary;Sumtri;;;;x;;;;;;;
SUM_socialist;Sumtri;;;;x;;;;;;;
SUM_liberal_2;Sumtri;;;;x;;;;;;;
SUM_liberal;Sumtri;;;;x;;;;;;;
SUM_conservative;Sumtri;;;;x;;;;;;
SDW;Sidling Without;;;;x;;;;;;;
SDW_fascist;Sidling Without;;;;x;;;;;;;
SDW_communist;Sidling Without;;;;x;;;;;;;
SDW_anarcho_liberal;Sidling Without;;;;x;;;;;;;
SDW_reactionary;Sidling Without;;;;x;;;;;;;
SDW_socialist;Sidling Without;;;;x;;;;;;;
SDW_liberal_2;Sidling Without;;;;x;;;;;;;
SDW_liberal;Sidling Without;;;;x;;;;;;;
SDW_conservative;Sidling Without;;;;x;;;;;;
STS;Scrogden;;;;x;;;;;;;
STS_fascist;Scrogden;;;;x;;;;;;;
STS_communist;Scrogden;;;;x;;;;;;;
STS_anarcho_liberal;Scrogden;;;;x;;;;;;;
STS_reactionary;Scrogden;;;;x;;;;;;;
STS_socialist;Scrogden;;;;x;;;;;;;
STS_liberal_2;Scrogden;;;;x;;;;;;;
STS_liberal;Scrogden;;;;x;;;;;;;
STS_conservative;Scrogden;;;;x;;;;;;
STP;Sto Pakarn;;;;x;;;;;;;
STP_fascist;Sto Pakarn;;;;x;;;;;;;
STP_communist;Sto Pakarn;;;;x;;;;;;;
STP_anarcho_liberal;Sto Pakarn;;;;x;;;;;;;
STP_reactionary;Sto Pakarn;;;;x;;;;;;;
STP_socialist;Sto Pakarn;;;;x;;;;;;;
STP_liberal_2;Sto Pakarn;;;;x;;;;;;;
STP_liberal;Sto Pakarn;;;;x;;;;;;;
STP_conservative;Sto Pakarn;;;;x;;;;;;Dregs Tribes
DRG;D'reg Tribes;;;;x;;;;;;;
DRG_fascist;D'reg Empire;;;;x;;;;;;;
DRG_communist;D'reg Tribes;;;;x;;;;;;;
DRG_anarcho_liberal;D'reg Tribes;;;;x;;;;;;;
DRG_reactionary;D'reg Tribes;;;;x;;;;;;;
DRG_socialist;D'reg Tribes;;;;x;;;;;;;
DRG_liberal_2;D'reg Tribes;;;;x;;;;;;;
DRG_liberal;D'reg Tribes;;;;x;;;;;;;
DRG_conservative;D'reg Tribes;;;;x;;;;;;
BUG;Bugs;;;;x;;;;;;;
BUG_fascist;Bugs;;;;x;;;;;;;
BUG_communist;Bugs;;;;x;;;;;;;
BUG_anarcho_liberal;Bugs;;;;x;;;;;;;
BUG_reactionary;Bugs;;;;x;;;;;;;
BUG_socialist;Bugs;;;;x;;;;;;;
BUG_liberal_2;Bugs;;;;x;;;;;;;
BUG_liberal;Bugs;;;;x;;;;;;;
BUG_conservative;Bugs;;;;x;;;;;;
BLA;Blackgrass;;;;x;;;;;;;
BLA_fascist;Blackgrass;;;;x;;;;;;;
BLA_communist;Blackgrass;;;;x;;;;;;;
BLA_anarcho_liberal;Blackgrass;;;;x;;;;;;;
BLA_reactionary;Blackgrass;;;;x;;;;;;;
BLA_socialist;Blackgrass;;;;x;;;;;;;
BLA_liberal_2;Blackgrass;;;;x;;;;;;;
BLA_liberal;Blackgrass;;;;x;;;;;;;
BLA_conservative;Blackgrass;;;;x;;;;;;
PLU;Plun;;;;x;;;;;;;
PLU_fascist;Plun;;;;x;;;;;;;
PLU_communist;Plun;;;;x;;;;;;;
PLU_anarcho_liberal;Plun;;;;x;;;;;;;
PLU_reactionary;Plun;;;;x;;;;;;;
PLU_socialist;Plun;;;;x;;;;;;;
PLU_liberal_2;Plun;;;;x;;;;;;;
PLU_liberal;Plun;;;;x;;;;;;;
PLU_conservative;Plun;;;;x;;;;;;
KLO;Klotz;;;;x;;;;;;;
KLO_fascist;Klotz;;;;x;;;;;;;
KLO_communist;Klotz;;;;x;;;;;;;
KLO_anarcho_liberal;Klotz;;;;x;;;;;;;
KLO_reactionary;Klotz;;;;x;;;;;;;
KLO_socialist;Klotz;;;;x;;;;;;;
KLO_liberal_2;Klotz;;;;x;;;;;;;
KLO_liberal;Klotz;;;;x;;;;;;;
KLO_conservative;Klotz;;;;x;;;;;;
GON;Gonim;;;;x;;;;;;;
GON_fascist;Gonim;;;;x;;;;;;;
GON_communist;Gonim;;;;x;;;;;;;
GON_anarcho_liberal;Gonim;;;;x;;;;;;;
GON_reactionary;Gonim;;;;x;;;;;;;
GON_socialist;Gonim;;;;x;;;;;;;
GON_liberal_2;Gonim;;;;x;;;;;;;
GON_liberal;Gonim;;;;x;;;;;;;
GON_conservative;Gonim;;;;x;;;;;;
NMP;Newpork;;;;x;;;;;;;
NMP_fascist;Newpork;;;;x;;;;;;;
NMP_communist;Newpork;;;;x;;;;;;;
NMP_anarcho_liberal;Newpork;;;;x;;;;;;;
NMP_reactionary;Newpork;;;;x;;;;;;;
NMP_socialist;Newpork;;;;x;;;;;;;
NMP_liberal_2;Newpork;;;;x;;;;;;;
NMP_liberal;Newpork;;;;x;;;;;;;
NMP_conservative;Newpork;;;;x;;;;;;
KLF;Far Klatch;;;;x;;;;;;;
KLF_fascist;Far Klatch;;;;x;;;;;;;
KLF_communist;Far Klatch;;;;x;;;;;;;
KLF_anarcho_liberal;Far Klatch;;;;x;;;;;;;
KLF_reactionary;Far Klatch;;;;x;;;;;;;
KLF_socialist;Far Klatch;;;;x;;;;;;;
KLF_liberal_2;Far Klatch;;;;x;;;;;;;
KLF_liberal;Far Klatch;;;;x;;;;;;;
KLF_conservative;Far Klatch;;;;x;;;;;;
NKO;N'kouf;;;;x;;;;;;;
NKO_fascist;N'kouf;;;;x;;;;;;;
NKO_communist;N'kouf;;;;x;;;;;;;
NKO_anarcho_liberal;N'kouf;;;;x;;;;;;;
NKO_reactionary;N'kouf;;;;x;;;;;;;
NKO_socialist;N'kouf;;;;x;;;;;;;
NKO_liberal_2;N'kouf;;;;x;;;;;;;
NKO_liberal;N'kouf;;;;x;;;;;;;
NKO_conservative;N'kouf;;;;x;;;;;;
NTU;N'tuitif;;;;x;;;;;;;
NTU_fascist;N'tuitif;;;;x;;;;;;;
NTU_communist;N'tuitif;;;;x;;;;;;;
NTU_anarcho_liberal;N'tuitif;;;;x;;;;;;;
NTU_reactionary;N'tuitif;;;;x;;;;;;;
NTU_socialist;N'tuitif;;;;x;;;;;;;
NTU_liberal_2;N'tuitif;;;;x;;;;;;;
NTU_liberal;N'tuitif;;;;x;;;;;;;
NTU_conservative;N'tuitif;;;;x;;;;;;
NFR;N'frona;;;;x;;;;;;;
NFR_fascist;N'frona;;;;x;;;;;;;
NFR_communist;N'frona;;;;x;;;;;;;
NFR_anarcho_liberal;N'frona;;;;x;;;;;;;
NFR_reactionary;N'frona;;;;x;;;;;;;
NFR_socialist;N'frona;;;;x;;;;;;;
NFR_liberal_2;N'frona;;;;x;;;;;;;
NFR_liberal;N'frona;;;;x;;;;;;;
NFR_conservative;N'frona;;;;x;;;;;;
NDW;N'dware;;;;x;;;;;;;
NDW_fascist;N'dware;;;;x;;;;;;;
NDW_communist;N'dware;;;;x;;;;;;;
NDW_anarcho_liberal;N'dware;;;;x;;;;;;;
NDW_reactionary;N'dware;;;;x;;;;;;;
NDW_socialist;N'dware;;;;x;;;;;;;
NDW_liberal_2;N'dware;;;;x;;;;;;;
NDW_liberal;N'dware;;;;x;;;;;;;
NDW_conservative;N'dware;;;;x;;;;;;
SOR;Sorca;;;;x;;;;;;;
SOR_fascist;Sorca;;;;x;;;;;;;
SOR_communist;Sorca;;;;x;;;;;;;
SOR_anarcho_liberal;Sorca;;;;x;;;;;;;
SOR_reactionary;Sorca;;;;x;;;;;;;
SOR_socialist;Sorca;;;;x;;;;;;;
SOR_liberal_2;Sorca;;;;x;;;;;;;
SOR_liberal;Sorca;;;;x;;;;;;;
SOR_conservative;Sorca;;;;x;;;;;;
ZAG;Zambingo;;;;x;;;;;;;
ZAG_fascist;Zambingo;;;;x;;;;;;;
ZAG_communist;Zambingo;;;;x;;;;;;;
ZAG_anarcho_liberal;Zambingo;;;;x;;;;;;;
ZAG_reactionary;Zambingo;;;;x;;;;;;;
ZAG_socialist;Zambingo;;;;x;;;;;;;
ZAG_liberal_2;Zambingo;;;;x;;;;;;;
ZAG_liberal;Zambingo;;;;x;;;;;;;
ZAG_conservative;Zambingo;;;;x;;;;;;
EEE;Ee;;;;x;;;;;;;
EEE_fascist;Ee;;;;x;;;;;;;
EEE_communist;Ee;;;;x;;;;;;;
EEE_anarcho_liberal;Ee;;;;x;;;;;;;
EEE_reactionary;Ee;;;;x;;;;;;;
EEE_socialist;Ee;;;;x;;;;;;;
EEE_liberal_2;Ee;;;;x;;;;;;;
EEE_liberal;Ee;;;;x;;;;;;;
EEE_conservative;Ee;;;;x;;;;;;
LWD;Low Kingdom;;;;x;;;;;;;
LWD_fascist;Low Kingdom;;;;x;;;;;;;
LWD_communist;Low Kingdom;;;;x;;;;;;;
LWD_anarcho_liberal;Low Kingdom;;;;x;;;;;;;
LWD_reactionary;Low Kingdom;;;;x;;;;;;;
LWD_socialist;Low Kingdom;;;;x;;;;;;;
LWD_liberal_2;Low Kingdom;;;;x;;;;;;;
LWD_liberal;Low Kingdom;;;;x;;;;;;;
LWD_conservative;Low Kingdom;;;;x;;;;;;
BEO;Beowill;;;;x;;;;;;;
BEO_fascist;Beowill;;;;x;;;;;;;
BEO_communist;Beowill;;;;x;;;;;;;
BEO_anarcho_liberal;Beowill;;;;x;;;;;;;
BEO_reactionary;Beowill;;;;x;;;;;;;
BEO_socialist;Beowill;;;;x;;;;;;;
BEO_liberal_2;Beowill;;;;x;;;;;;;
BEO_liberal;Beowill;;;;x;;;;;;;
BEO_conservative;Beowill;;;;x;;;;;;
AMP_ADJ;Morporkian;;;;;;;;;;;;;x;;;;
AGA_ADJ;Agatean;;;;;;;;;;;;;x;;;;
STL_ADJ;Sto Lat;;;;x;;;;;;;
STH_ADJ;Sto Helit;;;;x;;;;;;;
STK_ADJ;Sto Kerrig;;;;x;;;;;;;
STM_ADJ;Sto Minian;;;;x;;;;;;;
STQ_ADJ;Sto Quarn;;;;x;;;;;;;
QRM_ADJ;Quirmian;;;;x;;;;;;;
PSE_ADJ;Pseudopolian;;;;x;;;;;;;
IST_ADJ;Istanzian;;;;x;;;;;;;
OMN_ADJ;Omnian;;;;x;;;;;;;
EPH_ADJ;Ephebian;;;;x;;;;;;;
DJE_ADJ;Djelibeybian;;;;x;;;;;;;
SML_ADJ;Smalian;;;;x;;;;;;;
USH_ADJ;Ushistanian;;;;x;;;;;;;
BET_ADJ;Betrekian;;;;x;;;;;;;
TSO_ADJ;Tsortian;;;;x;;;;;;;
KLA_ADJ;Klatchian;;;;x;;;;;;;
YMI_ADJ;Ymiturian;;;;x;;;;;;;
HER_ADJ;Hershebian;;;;x;;;;;;;
ZAB_ADJ;Zabingian;;;;x;;;;;;;
HOW_ADJ;Howondalander;;;;x;;;;;;;
KRL_ADJ;Krullian;;;;x;;;;;;;
ELH_ADJ;Elharibian;;;;x;;;;;;;
LAO_ADJ;Laotani;;;;x;;;;;;;
MOU_ADJ;Mouldavian;;;;x;;;;;;;
BOR_ADJ;Borogravian;;;;x;;;;;;;
ZLO_ADJ;Zlobenian;;;;x;;;;;;;
UBW_ADJ;Überwalder;;;;x;;;;;;;
CHR_ADJ;Chirmian;;;;x;;;;;;;
ESC_ADJ;Escrowian;;;;x;;;;;;;
LPW_ADJ;Lipwigzer;;;;x;;;;;;;
SKN_ADJ;Skund;;;;x;;;;;;;
ZEM_ADJ;Zemphisian;;;;x;;;;;;;
SHR_ADJ;Sheep Ridge;;;;x;;;;;;;
UR0_ADJ;Ur;;;;x;;;;;;;
RHE_ADJ;Rheinthalian;;;;x;;;;;;;
VAN_ADJ;Varnevalian;;;;x;;;;;;;
LOU_ADJ;Lounavian;;;;x;;;;;;;
VEL_ADJ;Vieux Lordship;;;;x;;;;;;;
KNC_ADJ;Kashncarian;;;;x;;;;;;;
GRJ_ADJ;Grjsknvijian;;;;x;;;;;;;
MUN_ADJ;Müning;;;;x;;;;;;;
FUW_ADJ;Far Überwaldian;;;;x;;;;;;;
GEN_ADJ;Genua;;;;x;;;;;;;
NEV_ADJ;Neverlander;;;;x;;;;;;;
MUT_ADJ;Muntabian;;;;x;;;;;;;
GHA_ADJ;Ghatian;;;;x;;;;;;;
REH_ADJ;Rehigreedian;;;;x;;;;;;;
NTF_ADJ;Nothingfjorder;;;;x;;;;;;;
TEZ_ADJ;Tezuman;;;;x;;;;;;;
CHL_ADJ;Chalk;;;;x;;;;;;;
KPS_ADJ;Keepsake;;;;x;;;;;;;
MET_ADJ;Mentoan;;;;x;;;;;;;
BLG_ADJ;Bluegrass;;;;x;;;;;;;
TRW_ADJ;Turnwinder;;;;x;;;;;;;
ORO_ADJ;Orohian;;;;x;;;;;;;
URT_ADJ;Urtalie;;;;x;;;;;;;
URA_ADJ;Urabewan;;;;x;;;;;;;
SBE_ADJ;S'Belinden;;;;x;;;;;;;
TET_ADJ;T'etse;;;;x;;;;;;;
FRF_ADJ;Farferian;;;;x;;;;;;;
KHN_ADJ;Khanlian;;;;x;;;;;;;
HRL_ADJ;H'rullian;;;;x;;;;;;;
WYM_ADJ;Wyrmbergian;;;;x;;;;;;;
STG_ADJ;Sto Herridge;;;;x;;;;;;;
STR_ADJ;Sto Rutab;;;;x;;;;;;;
LOG_ADJ;Longroven;;;;x;;;;;;;
BRL_ADJ;Burnleaf;;;;x;;;;;;;
SLI_ADJ;Stalimed;;;;x;;;;;;;
LLA_ADJ;Llamedos;;;;x;;;;;;;
TOH_ADJ;Tollhillian;;;;x;;;;;;;
VUL_ADJ;Vuldar;;;;x;;;;;;;
CHI_ADJ;Chimerian;;;;x;;;;;;;
BHA_ADJ;Bhangbhangduc;;;;x;;;;;;;
NAF_ADJ;Nafooi;;;;x;;;;;;;
LAN_ADJ;Lancrian;;;;x;;;;;;;
COP_ADJ;Copperhead;;;;x;;;;;;;
OHU_ADJ;Ohulan;;;;x;;;;;;;
VGL_ADJ;Vanglemeshian;;;;x;;;;;;;
KLS_ADJ;Klatchistanian;;;;x;;;;;;;
NKS_ADJ;North Klatchistanian;;;;x;;;;;;;
SIR_ADJ;Sirritian;;;;x;;;;;;;
KYT_ADJ;Kythian;;;;x;;;;;;;
COD_ADJ;Condoment;;;;x;;;;;;;
TWS_ADJ;Twoshirt;;;;x;;;;;;;
LMT_ADJ;Lesser Muntabian;;;;x;;;;;;;
HIC_ADJ;Highcliff;;;;x;;;;;;;
BYK_ADJ;Bonk;;;;x;;;;;;;
LOK_ADJ;Lokoian;;;;x;;;;;;;
BLI_ADJ;Blintzian;;;;x;;;;;;;
NVX_ADJ;Vieuxian;;;;x;;;;;;;
GLZ_ADJ;Glitzian;;;;x;;;;;;;
CTG_ADJ;Cartthengen;;;;x;;;;;;;
TUR_ADJ;Turimian;;;;x;;;;;;;
TAL_ADJ;Talorian;;;;x;;;;;;;
BEL_ADJ;Belgia;;;;x;;;;;;;
OML_ADJ;Outer Mouldavian;;;;x;;;;;;;
HEG_ADJ;Hergenian;;;;x;;;;;;;
STO_ADJ;Sto Plain;;;;x;;;;;;;
XX4_ADJ;Ecksian;;;;x;;;;;;;
SLC_ADJ;Slice;;;;x;;;;;;;
IRM_ADJ;Iramian;;;;x;;;;;;;
TRA_ADJ;Transistran;;;;x;;;;;;;
INN_ADJ;Innish;;;;x;;;;;;;
MOM_ADJ;Momerathian;;;;x;;;;;;;
TLE_ADJ;Tolsedgian;;;;x;;;;;;;
MID_ADJ;Mindarna;;;;x;;;;;;;
SUM_ADJ;Sumtri;;;;x;;;;;;;
SDW_ADJ;Sidling Without;;;;x;;;;;;;
STP_ADJ;Sto Pakarn;;;;x;;;;;;;
DRG_ADJ;Dreg;;;;x;;;;;;;
BUG_ADJ;Bugs;;;;x;;;;;;;
BLA_ADJ;Blackgrass;;;;x;;;;;;;
KLO_ADJ;Klotz;;;;x;;;;;;;
PLU_ADJ;Plun;;;;x;;;;;;;
GON_ADJ;Gonimian;;;;x;;;;;;;
NMP_ADJ;Newpork;;;;x;;;;;;;
KLF_ADJ;Far Klatch;;;;x;;;;;;;
SOR_ADJ;Sorca;;;;x;;;;;;;
NDW_ADJ;N'dware;;;;x;;;;;;;
NTU_ADJ;N'tuitif;;;;x;;;;;;;
NFR_ADJ;N'frona;;;;x;;;;;;;
NKO_ADJ;N'kouf;;;;x;;;;;;;
EEE_ADJ;Eean;;;;x;;;;;;;
ZAG_ADJ;Zambingo;;;;x;;;;;;;
LWD_ADJ;Low King;;;;x;;;;;;;
BEO_ADJ;Beowill;;;;x;;;;;;;
hubland_cultures;Hublander;;;;x;;;;;;;
hubland_culture;Hublander;;;;x;;;;;;;
octrine_culture;Octrine Grass Country;;;;x;;;;;;;
counterweight;Counterweight;;;;x;;;;;;;
agatean;Agatean;;;;x;;;;;;;
counterweight_cultures;Couterweight Cultures;;;;x;;;;;;;
counterweight_group;Couterweight;;;;x;;;;;;;
dwarfs_group;Dwarfs;;;;x;;;;;;;
dwarf;Dwarf;;;;x;;;;;;;
dwarf_cultures;Dwarf;;;;x;;;;;;;
low_dwarfs_group;Low Dwarven;;;;x;;;;;;;
DSC_NAME;Soucery;;;;x;;;;;;;
DSC_DESC;The Disc is recovering from the damage from the Great Soucerer, Coin. Patrican Ventinari of ankh-morpork is recovering from being a lizard while the wizards left in UU protest that they where all elsewhere. across the circle sea Klatch is reeling from the loss of its seriph and grand vizier in the ruins of central al-khali, Omnia is begining to change after the loss of the prophet brutha after a century of peace. up in the mountains of the hub lancre still sits under its own magic while margalotta of bonk begins the daunting task of uniting the bickering states of uberwald.\n Place your chips and join the game of the gods, and let the turtle move.;;;;x;;;;;;;
krullian_culture;Krullian;;;;x;;;;;;;
krullian_cultures;Krullian cultures;;;;x;;;;;;;
Muntab_group;Muntab Group;;;;x;;;;;;;
widdershins_group;Widdershins Group;;;;x;;;;;;;
uberwaldian_group;Uberwaldian Group;;;;x;;;;;;;
uberwald_cultures;Uberwaldian;;;;x;;;;;;;
omnian_group;Omnian;;;;x;;;;;;;
djelibeybian_group;Djelibeybian Group;;;;x;;;;;;;
subnef_group;Subnef Group;;;;x;;;;;;;
muntab_group;Muntab Group;;;;x;;;;;;;
klactian_group;Klactian Group;;;;x;;;;;;;
ankh_morpork_group;Ankh-Morpork Group;;;;x;;;;;;;
sto_plains_cultures;Sto Plains;;;;x;;;;;;;
tezuman;Tezuman;;;;x;;;;;;;
lancre;Lancre;;;;x;;;;;;;
ramtops;Ramtops;;;;x;;;;;;;
subnef;Subnef;;;;x;;;;;;;
krullian;Krullian;;;;x;;;;;;;
krull;Krull;;;;x;;;;;;;
djelibeybian;Djelibeybian;;;;x;;;;;;;
djelibeybi;Djelibeybian;;;;x;;;;;;;
nothingfjorder;Nothingfjorder;;;;x;;;;;;;
octrine;Octrine Grass culture;;;;x;;;;;;;
chimerian;Chimerian;;;;x;;;;;;;
llamedos;Llamedos;;;;x;;;;;;;
wyrmbergian;Wyrmbergian;;;;x;;;;;;;
gonimian;Gonimian;;;;x;;;;;;;
hublander;Hublander;;;;x;;;;;;;
neverlander;Neverlander;;;;x;;;;;;;
genuan;Genuan;;;;x;;;;;;;
quirmian;Quirmian;;;;x;;;;;;;
quirm_group;Qurim Group;;;;x;;;;;;;
zlobenian;Zlobenian;;;;x;;;;;;;
borogravian;Borogravian;;;;x;;;;;;;
mouldavian;Mouldavian;;;;x;;;;;;;
uberwaldian;Lower Uberwaldian;;;;x;;;;;;;
upper_uberwaldian;Upper Uberwaldian;;;;x;;;;;;;
outer_uberwaldian;Outer Uberwaldian;;;;x;;;;;;;
rheinthalian;Rheinthalian;;;;x;;;;;;;
varnith;Varnith;;;;x;;;;;;;
dlinzer;Dlinzer;;;;x;;;;;;;
vieuxish;Vieuxish;;;;x;;;;;;;
lipswiger;Lipswiger;;;;x;;;;;;;
ephebian_group;Ephebian Group;;;;x;;;;;;;
klatchian_cultures;Klatchian Cultures;;;;x;;;;;;;
sto_plains_group;Sto Plains Group;;;;x;;;;;;;
desert_tribes_group;Desert Tribes Group;;;;x;;;;;;;
howondalander_group;Howondalander Group;;;;x;;;;;;;
northern_muntab_group;Northern Muntabian Group;;;;x;;;;;;;
quirmian_marquis;Marquis-Qurimian;;;;x;;;;;;;
octine;Octrine;;;;x;;;;;;;
hublands;Hublands;;;;x;;;;;;;
uberwalder;Uberwalder;;;;x;;;;;;;
khanlian;Khanlian;;;;x;;;;;;;
farferian;Farferian;;;;x;;;;;;;
rehigreedian;Rehigreedian;;;;x;;;;;;;
ghatian;Ghatian;;;;x;;;;;;;
muntabian;Muntabian;;;;x;;;;;;;
muntab;Muntab;;;;x;;;;;;;
sorcan;Sorcan;;;;x;;;;;;;
nefian;Nefian;;;;x;;;;;;;
laotani;High Laotani;;;;x;;;;;;;
elharibian;Elharibian;;;;x;;;;;;;
howondalander;Howondalander;;;;x;;;;;;;
smalian;Smalies;;;;x;;;;;;;
tsortian;Tsortian;;;;x;;;;;;;
bhangbhangduc;Bhangbhangduc;;;;x;;;;;;;
ephebian;Ephebian;;;;x;;;;;;;
klatchian;Klatchian;;;;x;;;;;;;
klatchia;Klatchia;;;;x;;;;;;;
betrek;Betrek;;;;x;;;;;;;
ushistanian;Ushistanian;;;;x;;;;;;;
istanzian;Istanzian;;;;x;;;;;;;
omnian;Omnian;;;;x;;;;;;;
omnia;Omnia;;;;x;;;;;;;
klatchistanian;Klatchistanian;;;;x;;;;;;;
skundlander;Skundlander;;;;x;;;;;;;
sto_plainer;Sto Plainer;;;;x;;;;;;;
pseudopolian;Pseudopolian;;;;x;;;;;;;
sto_kerrig;Sto Kerrig;;;;x;;;;;;;
sto_helit;Sto Helit;;;;x;;;;;;;
sto_lat;Sto Lat;;;;x;;;;;;;
morporkian;Morporkian;;;;x;;;;;;;
sto_plains;Sto Plains;;;;x;;;;;;;
hrullian;H'rullian;;;;x;;;;;;;
herseban;Herseban;;;;x;;;;;;;
brindisian;Brindisian;;;;x;;;;;;;
ur_culture;Ur;;;;x;;;;;;;
nafooi;Nafooi;;;;x;;;;;;;
orohaian;Orohaian;;;;x;;;;;;;
kythian;Kythian;;;;x;;;;;;;
cartthengen;Cartthengen;;;;x;;;;;;;
salentine;Salentine;;;;x;;;;;;;
octarine;Octarine;;;;x;;;;;;;
fog_islander;Foggy Islander;;;;x;;;;;;;
foureckian;Ecksian;;;;x;;;;;;;
sumtrian;Sumtrian;;;;x;;;;;;;
pearl_islander;Pearl Islander;;;;x;;;;;;;
far_klatchian;Far Klatchian;;;;x;;;;;;;
vul_wine;Vul Wine;;;;x;;;;;;;
fats;Fats;;;;x;;;;;;;
brassicas;Brassicas;;;;x;;;;;;;
treacle;Treacle;;;;x;;;;;;;
re_annuals;Re-Annuals;;;;x;;;;;;;
sapent_pearwood;Sapent Pearwood;;;;x;;;;;;;
clay;Clay;;;;x;;;;;;;
seige_equipment;Seige Equipment;;;;x;;;;;;;
golems;Golems;;;;x;;;;;;;
armor;Armor;;;;x;;;;;;;
arrows;Arrows and Bolts;;;;x;;;;;;;
bows_and_crossbows;Bows and Crossbows;;;;x;;;;;;;
spears;Spears;;;;x;;;;;;;
swords;Swords;;;;x;;;;;;;
seige_engines;Seige Engines;;;;x;;;;;;;
patricianship;Patriciate;;;;x;;;;;;;
clay;Clay;;;;x;;;;;;;
ceramics;Ceramics;;;;x;;;;;;;
dregs;D'regs;;;;x;;;;;;;
urtalie;Urtalie;;;;x;;;;;;;
octrine;Octrinian;;;;x;;;;;;;
sbelinian;S'Belinian;;;;x;;;;;;;
tetsean;T'etsean;;;;x;;;;;;;
bewe;Bewe;;;;x;;;;;;;
werewolves;Werewolves;;;;x;;;;;;;
vampyre;Vampyr;;;;x;;;;;;;
sirritian;Sirritian;;;;x;;;;;;;
elvish;Elvish;;;;x;;;;;;;
ramtop;Ramtopian;;;;x;;;;;;;
octrine;Octrinian;;;;x;;;;;;;
lancrian;Lancrian;;;;x;;;;;;;
north_klatchistanian;North Klatchistanian;;;;x;;;;;;;
aqui;Arquebusier;;;;x;;;;;;;
armored_footmen;Armored Footmen;;;;x;;;;;;;
warriors;Warriors;;;;x;;;;;;;
theocracy;Theocracy;;;;x;;;;;;;
omnianism;Omnianism;;;;x;;;;;;;
othordox_omnianism;Orthodox Omnianism;;;;x;;;;;;;
plain_omnianism;Plain Omnianism;;;;x;;;;;;;
tak;Tak;;;;x;;;;;;;
ioism;Ioism;;;;x;;;;;;;
quezovercoatl;Quezovercoatl;;;;x;;;;;;;
nugganite;Nugganite;;;;x;;;;;;;
djelibeybism;Djelibeybism;;;;x;;;;;;;
offler;Offler;;;;x;;;;;;;
hergen;Hergenian;;;;x;;;;;;;
iram;Iramian;;;;x;;;;;;;
momerathian;Momerathian;;;;x;;;;;;;
innish;Innish;;;;x;;;;;;;
fah_flung;Fah Flung;;;;x;;;;;;;
vetinarism;Vetinarism;;;;x;;;;;;;
new_quisition;New Quisition;;;;x;;;;;;;
uu_education;UU Education;;;;x;;;;;;;
the_undertaking;The Undertaking;;;;x;;;;;;;
moving_pictures;Moving Pictures;;;;x;;;;;;;
iconograph;Iconograph;;;;x;;;;;;;
imp_timepieces;Imp Timepieces;;;;x;;;;;;;
dis_organisers_mk1;Dis-Organisers MkI;;;;x;;;;;;;
dis_organisers_mk2;Dis-Organisers MkII;;;;x;;;;;;;
dis_organisers_mk4;Dis-Organisers MkIV;;;;x;;;;;;;
omniscope;Omniscope;;;;x;;;;;;;
broomstick_chartering;Broomstick Chartering;;;;x;;;;;;;
golem_self_ownership_movement;Golem Self Ownership Movement;;;;x;;;;;;;
golem_reclamation;Golem Reclamation;;;;x;;;;;;;
black_ribbon;Black Ribbon Movement;;;;x;;;;;;;
goblin_music;Goblin Music;;;;x;;;;;;;
goblin_engraving;Goblin Engraving;;;;x;;;;;;;
golem_army;Golem Army;;;;x;;;;;;;
golem_construction;Golem Construction;;;;x;;;;;;;
golem_backed_dollar;Golem Backed Dollar;;;;x;;;;;;;
golem_firefighting_services;Golem Firefighting Services;;;;x;;;;;;;
am_st_hygienic_railway;Ankh-Morpork and Sto Plains Hygienic Railway;;;;x;;;;;;;
brindisi_group;Brindisian;;;;x;;;;;;;
EVTNAME37000;Dominion over Ghat;;;;x;;;;;;;
EVTDESC37000;Ghat is now ours. After a short war our troops marched into the captial, a tradeport prosperous and thriving in forigen trade goods. now our focus is on the states in the Lesser Muntab Provences.;;;;x;;;;;;;
EVTOPTA37000;Onwards;;;;x;;;;;;;
EVTNAME39000;Negotions with Zemphis;;;;x;;;;;;;
EVTDESC39000; ;;;;x;;;;;;;
EVTOPTA39000;Offer to Bribe them;;;;x;;;;;;;
EVTOPTB39000;Offer favourable terms;;;x;;;;;;;
EVTOPTC39000;Offer netural terms;;;;x;;;;;;;
EVTNAME39001;Sto Lat offers a Bribe;;;;x;;;;;;;
EVTDESC39001; ;;;;x;;;;;;;
EVTOPTA39001;Accept;;;;x;;;;;;;
EVTNAME39002;Sto Lat offers a favourable terms;;;;x;;;;;;;
EVTDESC39002; ;;;;x;;;;;;;
EVTOPTA39002;Accept;;;;x;;;;;;;
EVTOPTB39002;Refuse;;;;x;;;;;;;
EVTNAME39003;Sto Lat offers terms;;;;x;;;;;;;
EVTDESC39003; ;;;;x;;;;;;;
EVTOPTA39003;Accept;;;;x;;;;;;;
EVTOPTB39003;Refuse;;;;x;;;;;;;
EVTNAME40000;Death of the Prophet Brutha;;;;x;;;;;;;
zemphis_delegation_title;Zephis Delegation;;;;x;;;;;;;
zemphis_delegation_desc;Contining the Unifaction of the Sto Plains, we should send a delegation to Zemphis;;;;x;;;;;;;
ad_hoc_minting;Ad Hoc Minting;;;;x;;;;;;;
ad_hoc_minting_desc;Ad Hoc Minting;;;;x;;;;;;;
reunite_omnia;Reunite Omnia;;;;x;;;;;;;
theocracy_ruler;Cenobiarch;;;;x;;;;;;;
kythian_crisis;Kythian Crisis;;;;x;;;;;;;
hotbed_of_war;Hotbed of War;;;;x;;;;;;;
great_wahonie;The Great Wahoonie;;;;x;;;;;;;
great_wahonie_desc;;;;;x;;;;;;;
EVTNAME42000;Bounty of the Circumfence;;;;x;;;;;;;
EVTNAME41001;Moskito swarms decend on Kythia;;;;x;;;;;;;
EVTDESC41001;Massive swarms of kythian moskitos have decented on the kingdom, massacring both people and their cattle. the people of kythia are now fleeing their country thanks to these Swarms.;;;;x;;;;;;;
n_kouf;N'kouf;;;;x;;;;;;;
n_dware;N'dware;;;;x;;;;;;;
n_tuitif;N'tuitif;;;;x;;;;;;;
low_laotani;Low Laotani;;;;x;;;;;;;
how_zambingo;Howondalander Zambingo;;;;x;;;;;;;
zambingo;Zambingo;;;;x;;;;;;;
seige_equipment_factory;Siege Workshop;;;;x;;;;;;;
armor_foundry;Armor Foundry;;;;x;;;;;;;
spears_factory;Spears Factory;;;;x;;;;;;;
swords_factory;Swords Factory;;;;x;;;;;;;
siege_workshops;Siege Workshops;;;;x;;;;;;;
magical_education;Magical Education;;;;x;;;;;;;
witchery;Witchery;;;;x;;;;;;;
messengers;Messengers;;;;x;;;;;;;
guilds;Guilds;;;;x;;;;;;;
cavalry_training;Cavalry Training;;;;x;;;;;;;
light_armors;Light Armors;;;;x;;;;;;;
armored_tactics;Armored Tactics;;;;x;;;;;;;
high_grade_steel_weaponry;High-Grade Steel Weaponry;;;;x;;;;;;;
AGRESSION_WAR_LESHP_NAME;War for Leshp;;;;x;;;;;;;
EVTNAME36901;Rise of leshp;;;;x;;;;;;;
EVTDESC36901; ;;;;x;;;;;;;
EVTNAME36903;Tensions mount;;;;x;;;;;;;
EVTDESC36903; ;;;;x;;;;;;;
EVTNAME36904;Nobles Rabble-rouse;;;;x;;;;;;;
EVTDESC36904; ;;;;x;;;;;;;
EVTNAME36905;Calls to action;;;;x;;;;;;;
EVTDESC36905; ;;;;x;;;;;;;
EVTNAME36906;A Meeting in Ankh;;;;x;;;;;;;
EVTDESC36906; ;;;;x;;;;;;;
EVTNAME36907;Outcome of the Meeting;;;;x;;;;;;;
EVTDESC36907; ;;;;x;;;;;;;
EVTNAME36908;War for Leshp;;;;x;;;;;;;
EVTDESC36908; ;;;;x;;;;;;;
EVTNAME36909;Disappearance of the Patrician;;;;x;;;;;;;
EVTDESC36909; ;;;;x;;;;;;;
EVTNAME36910;Vimes' Choice;;;;x;;;;;;;
EVTDESC36910; ;;;;x;;;;;;;
EVTNAME36911;A Football match to remember;;;;x;;;;;;;
EVTDESC36911; ;;;;x;;;;;;;
EVTNAME42200;Our Brother Denouces [AMP.GetName];;;;x;;;;;;;
EVTDESC42200; ;;;;x;;;;;;;
EVTNAME42201;Calls to action;;;;x;;;;;;;
EVTDESC42201; ;;;;x;;;;;;;
EVTNAME42202;71 hour ahmed disapears;;;;x;;;;;;;
EVTDESC42202; ;;;;x;;;;;;;